<?xml version="1.0" encoding="utf-8"?>
<Project DefaultTargets="Build" xmlns="http://schemas.microsoft.com/developer/msbuild/2003">
  <Import Project="packages\VC-LTL.5.0.9\build\native\VC-LTL.props" Condition="Exists('packages\VC-LTL.5.0.9\build\native\VC-LTL.props')" />
  <Import Project="packages\YY.NuGet.Import.Helper.1.0.0.4\build\native\YY.NuGet.Import.Helper.props" Condition="Exists('packages\YY.NuGet.Import.Helper.1.0.0.4\build\native\YY.NuGet.Import.Helper.props')" />
  <ItemGroup Label="ProjectConfigurations">
    <ProjectConfiguration Include="Debug|Win32">
      <Configuration>Debug</Configuration>
      <Platform>Win32</Platform>
    </ProjectConfiguration>
    <ProjectConfiguration Include="Release|Win32">
      <Configuration>Release</Configuration>
      <Platform>Win32</Platform>
    </ProjectConfiguration>
    <ProjectConfiguration Include="Debug|x64">
      <Configuration>Debug</Configuration>
      <Platform>x64</Platform>
    </ProjectConfiguration>
    <ProjectConfiguration Include="Release|x64">
      <Configuration>Release</Configuration>
      <Platform>x64</Platform>
    </ProjectConfiguration>
  </ItemGroup>
  <PropertyGroup Label="Globals">
    <VCProjectVersion>17.0</VCProjectVersion>
    <ProjectGuid>{9CDE7F19-8CB4-4949-823F-20503707BFCF}</ProjectGuid>
    <Keyword>MFCProj</Keyword>
    <RootNamespace>CPCLDemo</RootNamespace>
    <WindowsTargetPlatformVersion>10.0</WindowsTargetPlatformVersion>
  </PropertyGroup>
  <Import Project="$(VCTargetsPath)\Microsoft.Cpp.Default.props" />
  <PropertyGroup Condition="'$(Configuration)|$(Platform)'=='Debug|Win32'" Label="Configuration">
    <ConfigurationType>Application</ConfigurationType>
    <UseDebugLibraries>true</UseDebugLibraries>
    <PlatformToolset>v143</PlatformToolset>
    <CharacterSet>Unicode</CharacterSet>
    <UseOfMfc>Dynamic</UseOfMfc>
    <SupportLTL>true</SupportLTL>
    <WindowsTargetPlatformMinVersion>5.1.2600.0</WindowsTargetPlatformMinVersion>
  </PropertyGroup>
  <PropertyGroup Condition="'$(Configuration)|$(Platform)'=='Release|Win32'" Label="Configuration">
    <ConfigurationType>Application</ConfigurationType>
    <UseDebugLibraries>false</UseDebugLibraries>
    <PlatformToolset>v143</PlatformToolset>
    <WholeProgramOptimization>true</WholeProgramOptimization>
    <CharacterSet>Unicode</CharacterSet>
    <UseOfMfc>Static</UseOfMfc>
    <SupportLTL>true</SupportLTL>
    <WindowsTargetPlatformMinVersion>5.1.2600.0</WindowsTargetPlatformMinVersion>
  </PropertyGroup>
  <PropertyGroup Condition="'$(Configuration)|$(Platform)'=='Debug|x64'" Label="Configuration">
    <ConfigurationType>Application</ConfigurationType>
    <UseDebugLibraries>true</UseDebugLibraries>
    <PlatformToolset>v143</PlatformToolset>
    <CharacterSet>Unicode</CharacterSet>
    <UseOfMfc>Dynamic</UseOfMfc>
    <SupportLTL>true</SupportLTL>
    <WindowsTargetPlatformMinVersion>5.1.2600.0</WindowsTargetPlatformMinVersion>
  </PropertyGroup>
  <PropertyGroup Condition="'$(Configuration)|$(Platform)'=='Release|x64'" Label="Configuration">
    <ConfigurationType>Application</ConfigurationType>
    <UseDebugLibraries>false</UseDebugLibraries>
    <PlatformToolset>v143</PlatformToolset>
    <WholeProgramOptimization>true</WholeProgramOptimization>
    <CharacterSet>Unicode</CharacterSet>
    <UseOfMfc>Static</UseOfMfc>
    <SupportLTL>true</SupportLTL>
    <WindowsTargetPlatformMinVersion>5.1.2600.0</WindowsTargetPlatformMinVersion>
  </PropertyGroup>
  <Import Project="$(VCTargetsPath)\Microsoft.Cpp.props" />
  <ImportGroup Label="ExtensionSettings">
  </ImportGroup>
  <ImportGroup Label="Shared">
  </ImportGroup>
  <ImportGroup Label="PropertySheets" Condition="'$(Configuration)|$(Platform)'=='Debug|Win32'">
    <Import Project="$(UserRootDir)\Microsoft.Cpp.$(Platform).user.props" Condition="exists('$(UserRootDir)\Microsoft.Cpp.$(Platform).user.props')" Label="LocalAppDataPlatform" />
  </ImportGroup>
  <ImportGroup Label="PropertySheets" Condition="'$(Configuration)|$(Platform)'=='Release|Win32'">
    <Import Project="$(UserRootDir)\Microsoft.Cpp.$(Platform).user.props" Condition="exists('$(UserRootDir)\Microsoft.Cpp.$(Platform).user.props')" Label="LocalAppDataPlatform" />
  </ImportGroup>
  <ImportGroup Label="PropertySheets" Condition="'$(Configuration)|$(Platform)'=='Debug|x64'">
    <Import Project="$(UserRootDir)\Microsoft.Cpp.$(Platform).user.props" Condition="exists('$(UserRootDir)\Microsoft.Cpp.$(Platform).user.props')" Label="LocalAppDataPlatform" />
  </ImportGroup>
  <ImportGroup Label="PropertySheets" Condition="'$(Configuration)|$(Platform)'=='Release|x64'">
    <Import Project="$(UserRootDir)\Microsoft.Cpp.$(Platform).user.props" Condition="exists('$(UserRootDir)\Microsoft.Cpp.$(Platform).user.props')" Label="LocalAppDataPlatform" />
  </ImportGroup>
  <PropertyGroup Label="UserMacros" />
  <PropertyGroup Condition="'$(Configuration)|$(Platform)'=='Debug|x64'">
    <LinkIncremental>true</LinkIncremental>
  </PropertyGroup>
  <PropertyGroup Condition="'$(Configuration)|$(Platform)'=='Debug|Win32'">
    <LinkIncremental>true</LinkIncremental>
  </PropertyGroup>
  <PropertyGroup Condition="'$(Configuration)|$(Platform)'=='Release|Win32'">
    <LinkIncremental>false</LinkIncremental>
  </PropertyGroup>
  <PropertyGroup Condition="'$(Configuration)|$(Platform)'=='Release|x64'">
    <LinkIncremental>false</LinkIncremental>
  </PropertyGroup>
  <ItemDefinitionGroup Condition="'$(Configuration)|$(Platform)'=='Debug|x64'">
    <ClCompile>
      <PrecompiledHeader>Use</PrecompiledHeader>
      <WarningLevel>Level3</WarningLevel>
      <SDLCheck>true</SDLCheck>
      <PreprocessorDefinitions>_WINDOWS;_DEBUG;%(PreprocessorDefinitions)</PreprocessorDefinitions>
      <PrecompiledHeaderFile>pch.h</PrecompiledHeaderFile>
      <BrowseInformation>true</BrowseInformation>
      <RuntimeLibrary>MultiThreadedDebugDLL</RuntimeLibrary>
    </ClCompile>
    <Link>
      <SubSystem>Windows</SubSystem>
    </Link>
    <Midl>
      <MkTypLibCompatible>false</MkTypLibCompatible>
      <ValidateAllParameters>true</ValidateAllParameters>
      <PreprocessorDefinitions>_DEBUG;%(PreprocessorDefinitions)</PreprocessorDefinitions>
    </Midl>
    <ResourceCompile>
      <Culture>0x0804</Culture>
      <PreprocessorDefinitions>_DEBUG;%(PreprocessorDefinitions)</PreprocessorDefinitions>
      <AdditionalIncludeDirectories>$(IntDir);%(AdditionalIncludeDirectories)</AdditionalIncludeDirectories>
    </ResourceCompile>
    <Bscmake>
      <PreserveSbr>true</PreserveSbr>
    </Bscmake>
  </ItemDefinitionGroup>
  <ItemDefinitionGroup Condition="'$(Configuration)|$(Platform)'=='Debug|Win32'">
    <ClCompile>
      <PrecompiledHeader>Use</PrecompiledHeader>
      <WarningLevel>Level3</WarningLevel>
      <SDLCheck>true</SDLCheck>
      <PreprocessorDefinitions>WIN32;_WINDOWS;_DEBUG;%(PreprocessorDefinitions)</PreprocessorDefinitions>
      <PrecompiledHeaderFile>pch.h</PrecompiledHeaderFile>
    </ClCompile>
    <Link>
      <SubSystem>Windows</SubSystem>
    </Link>
    <Midl>
      <MkTypLibCompatible>false</MkTypLibCompatible>
      <ValidateAllParameters>true</ValidateAllParameters>
      <PreprocessorDefinitions>_DEBUG;%(PreprocessorDefinitions)</PreprocessorDefinitions>
    </Midl>
    <ResourceCompile>
      <Culture>0x0804</Culture>
      <PreprocessorDefinitions>_DEBUG;%(PreprocessorDefinitions)</PreprocessorDefinitions>
      <AdditionalIncludeDirectories>$(IntDir);%(AdditionalIncludeDirectories)</AdditionalIncludeDirectories>
    </ResourceCompile>
  </ItemDefinitionGroup>
  <ItemDefinitionGroup Condition="'$(Configuration)|$(Platform)'=='Release|Win32'">
    <ClCompile>
      <PrecompiledHeader>Use</PrecompiledHeader>
      <WarningLevel>Level3</WarningLevel>
      <FunctionLevelLinking>true</FunctionLevelLinking>
      <IntrinsicFunctions>true</IntrinsicFunctions>
      <SDLCheck>true</SDLCheck>
      <PreprocessorDefinitions>WIN32;_WINDOWS;NDEBUG;%(PreprocessorDefinitions)</PreprocessorDefinitions>
      <PrecompiledHeaderFile>pch.h</PrecompiledHeaderFile>
    </ClCompile>
    <Link>
      <SubSystem>Windows</SubSystem>
      <EnableCOMDATFolding>true</EnableCOMDATFolding>
      <OptimizeReferences>true</OptimizeReferences>
    </Link>
    <Midl>
      <MkTypLibCompatible>false</MkTypLibCompatible>
      <ValidateAllParameters>true</ValidateAllParameters>
      <PreprocessorDefinitions>NDEBUG;%(PreprocessorDefinitions)</PreprocessorDefinitions>
    </Midl>
    <ResourceCompile>
      <Culture>0x0804</Culture>
      <PreprocessorDefinitions>NDEBUG;%(PreprocessorDefinitions)</PreprocessorDefinitions>
      <AdditionalIncludeDirectories>$(IntDir);%(AdditionalIncludeDirectories)</AdditionalIncludeDirectories>
    </ResourceCompile>
  </ItemDefinitionGroup>
  <ItemDefinitionGroup Condition="'$(Configuration)|$(Platform)'=='Release|x64'">
    <ClCompile>
      <PrecompiledHeader>Use</PrecompiledHeader>
      <WarningLevel>Level3</WarningLevel>
      <FunctionLevelLinking>true</FunctionLevelLinking>
      <IntrinsicFunctions>true</IntrinsicFunctions>
      <SDLCheck>true</SDLCheck>
      <PreprocessorDefinitions>_WINDOWS;NDEBUG;%(PreprocessorDefinitions)</PreprocessorDefinitions>
      <PrecompiledHeaderFile>pch.h</PrecompiledHeaderFile>
      <RuntimeLibrary>MultiThreaded</RuntimeLibrary>
    </ClCompile>
    <Link>
      <SubSystem>Windows</SubSystem>
      <EnableCOMDATFolding>true</EnableCOMDATFolding>
      <OptimizeReferences>true</OptimizeReferences>
    </Link>
    <Midl>
      <MkTypLibCompatible>false</MkTypLibCompatible>
      <ValidateAllParameters>true</ValidateAllParameters>
      <PreprocessorDefinitions>NDEBUG;%(PreprocessorDefinitions)</PreprocessorDefinitions>
    </Midl>
    <ResourceCompile>
      <Culture>0x0804</Culture>
      <PreprocessorDefinitions>NDEBUG;%(PreprocessorDefinitions)</PreprocessorDefinitions>
      <AdditionalIncludeDirectories>$(IntDir);%(AdditionalIncludeDirectories)</AdditionalIncludeDirectories>
    </ResourceCompile>
  </ItemDefinitionGroup>
  <ItemGroup>
    <ClInclude Include="CPCL_Demo.h" />
    <ClInclude Include="CPCL_DemoDlg.h" />
    <ClInclude Include="framework.h" />
    <ClInclude Include="pch.h" />
    <ClInclude Include="Resource.h" />
    <ClInclude Include="targetver.h" />
  </ItemGroup>
  <ItemGroup>
    <ClCompile Include="CPCL_Demo.cpp" />
    <ClCompile Include="CPCL_DemoDlg.cpp" />
    <ClCompile Include="pch.cpp">
      <PrecompiledHeader Condition="'$(Configuration)|$(Platform)'=='Debug|x64'">Create</PrecompiledHeader>
      <PrecompiledHeader Condition="'$(Configuration)|$(Platform)'=='Debug|Win32'">Create</PrecompiledHeader>
      <PrecompiledHeader Condition="'$(Configuration)|$(Platform)'=='Release|Win32'">Create</PrecompiledHeader>
      <PrecompiledHeader Condition="'$(Configuration)|$(Platform)'=='Release|x64'">Create</PrecompiledHeader>
    </ClCompile>
  </ItemGroup>
  <ItemGroup>
    <ResourceCompile Include="CPCLDemo.rc" />
  </ItemGroup>
  <ItemGroup>
    <None Include="packages.config" />
    <None Include="res\CPCLDemo.rc2" />
  </ItemGroup>
  <ItemGroup>
    <Image Include="res\CPCL_Demo.ico" />
  </ItemGroup>
  <Import Project="$(VCTargetsPath)\Microsoft.Cpp.targets" />
  <ImportGroup Label="ExtensionTargets">
    <Import Project="packages\YY.NuGet.Import.Helper.1.0.0.4\build\native\YY.NuGet.Import.Helper.targets" Condition="Exists('packages\YY.NuGet.Import.Helper.1.0.0.4\build\native\YY.NuGet.Import.Helper.targets')" />
  </ImportGroup>
  <Target Name="EnsureNuGetPackageBuildImports" BeforeTargets="PrepareForBuild">
    <PropertyGroup>
      <ErrorText>This project references NuGet package(s) that are missing on this computer. Use NuGet Package Restore to download them.  For more information, see http://go.microsoft.com/fwlink/?LinkID=322105. The missing file is {0}.</ErrorText>
    </PropertyGroup>
    <Error Condition="!Exists('packages\YY.NuGet.Import.Helper.1.0.0.4\build\native\YY.NuGet.Import.Helper.props')" Text="$([System.String]::Format('$(ErrorText)', 'packages\YY.NuGet.Import.Helper.1.0.0.4\build\native\YY.NuGet.Import.Helper.props'))" />
    <Error Condition="!Exists('packages\YY.NuGet.Import.Helper.1.0.0.4\build\native\YY.NuGet.Import.Helper.targets')" Text="$([System.String]::Format('$(ErrorText)', 'packages\YY.NuGet.Import.Helper.1.0.0.4\build\native\YY.NuGet.Import.Helper.targets'))" />
    <Error Condition="!Exists('packages\VC-LTL.5.0.9\build\native\VC-LTL.props')" Text="$([System.String]::Format('$(ErrorText)', 'packages\VC-LTL.5.0.9\build\native\VC-LTL.props'))" />
  </Target>
</Project>